member,base_model,recipe,test_side_source,fold0_combined,fold0_cer,fold0_wer,train_hours_t4,license
0,Qwen2.5-VL-7B-Instruct,"LoRA, fp16 on 2 T4, 707 test pseudo-labels (fold-0 twin)",full-data twin with 665 pseudo-labels,0.11074,0.0502,0.1713,6.35 fold-0; 7.8 full,Apache-2.0
1,Qwen2-VL-2B-Instruct,LoRA + vision-MLP (fc1/fc2),fold-0 model,0.11440,0.0551,0.1737,2.8,Apache-2.0 (card not verified)
2,Qwen3-VL-4B-Instruct,"LoRA + vision-MLP, 128 px, 2 T4",fold-0 model,0.12437,0.0619,0.1868,3.3,Apache-2.0
3,Qwen2.5-VL-7B-Instruct,"4-bit NF4 LoRA, 112 px",fold-0 model,0.11439,0.0530,0.1758,7.06,Apache-2.0
4,Kansallisarkisto/multicentury-htr-model (TrOCR-large),"full fine-tune, 192x1024, lr 2e-5, 6 epochs",full-data twin,0.15076,0.0778,0.2237,1.14 fold-0; ~1.3 full,Apache-2.0
5,PP-OCRv6 medium (kraken 7.1.1),"ketos fine-tune, 12 epochs, lr 2e-4, Colab",fold-0 model,0.13053,0.0515,0.2096,not recorded,Apache-2.0 (approved by organizers)
6,multicentury TrOCR-large,as member 4 but trained and decoded on cleaned images,fold-0 model,0.15324,0.0791,0.2274,1.15,Apache-2.0
7,Qwen2-VL-2B-Instruct,"LoRA + vision-MLP, soft multi-candidate targets on all 1,374 test lines",full-data twin,0.10553,0.0484,0.1626,3.96 fold-0; 4.33 full,Apache-2.0 (card not verified)
8,Qwen2-VL-2B-Instruct,"recipe SFT: curriculum, tight/loose experts, raw+cleaned mix, 213 confident pseudo-labels",fold-0 model,0.12036,0.0588,0.1819,2.9,Apache-2.0 (card not verified)
9,Qwen2-VL-2B-Instruct,"member 8 + 200 rows of GRPO (corpus_edits reward), experts",fold-0 model (GRPO adapter),0.11578,0.0543,0.1773,2.9 + 0.54 GRPO,Apache-2.0 (card not verified)
